{
    "pools":[
        {
            "rolls":4,
            "entries":[
                {
                    "type":"minecraft:tag",
                    "name":"minecraft:wool",
                    "expand": true
                }
            ]
        },
        {
            "rolls":4,
            "entries":[
                {
                    "type":"minecraft:tag",
                    "name":"ctov:dyes",
                    "expand": true
                }
            ]
        },
        {
            "rolls":1,
            "entries":[
                {
                    "type":"minecraft:item",
                    "name":"minecraft:shears"
                }
            ]
        }
    ]
}