{
    "pools":[
        {
            "rolls":1,
            "entries": [
                {
                    "type": "minecraft:loot_table",
                    "name": "ctov:village/common/generic"
                }
            ]
        },
        {
            "rolls":4,
            "entries":[
                {
                    "type":"minecraft:item",
                    "name":"minecraft:dark_oak_log",
                    "functions": [
                        {
                            "function":"set_count",
                            "count": {
                                "min": 1,
                                "max": 3
                            }
                        }
                    ]
                },
                {
                    "type":"minecraft:item",
                    "name":"minecraft:spruce_log",
                    "functions": [
                        {
                            "function":"set_count",
                            "count": {
                                "min": 1,
                                "max": 3
                            }
                        }
                    ]
                },
                {
                    "type":"minecraft:item",
                    "name":"minecraft:dark_oak_sapling",
                    "functions": [
                        {
                            "function":"set_count",
                            "count": {
                                "min": 1,
                                "max": 3
                            }
                        }
                    ]
                },
                {
                    "type":"minecraft:item",
                    "name":"minecraft:spruce_sapling",
                    "functions": [
                        {
                            "function":"set_count",
                            "count": {
                                "min": 1,
                                "max": 3
                            }
                        }
                    ]
                }
            ]
        }
    ]
}