{
    "pools": [
        {
            "rolls":1,
            "entries":[
                {
                    "type":"minecraft:loot_table",
                    "name":"ctov:village/common/generic"
                }
            ]
        },
        {
            "rolls":2,
            "entries":[
                {
                    "type":"minecraft:item",
                    "name":"minecraft:spruce_log"
                },
                {
                    "type":"minecraft:item",
                    "name":"minecraft:spruce_sapling"
                }
            ]
        }
    ]
}