{
    "pools":[
        {
            "rolls":1,
            "entries":[
                {
                    "type":"minecraft:loot_table",
                    "name":"ctov:village/common/generic"
                }
            ]
        },
        {
            "rolls":1,
            "entries":[
                {
                    "type":"minecraft:item",
                    "name":"minecraft:pumpkin_pie"
                }
            ]
        },
        {
            "rolls":2,
            "entries":[
                {
                    "type":"minecraft:item",
                    "name":"minecraft:dark_oak_log"
                },
                {
                    "type":"minecraft:item",
                    "name":"minecraft:dark_oak_sapling"
                }
            ]
        }
    ]
}