{
    "pools":[
        {
            "rolls":1,
            "entries": [
                {
                    "type": "minecraft:loot_table",
                    "name": "ctov:village/common/generic"
                }
            ]
        },
        {
            "rolls":4,
            "entries":[
                {
                    "type":"minecraft:item",
                    "name":"minecraft:dark_oak_log"
                },
                {
                    "type":"minecraft:item",
                    "name":"minecraft:spruce_log"
                },
                {
                    "type":"minecraft:item",
                    "name":"minecraft:dark_oak_sapling"
                },
                {
                    "type":"minecraft:item",
                    "name":"minecraft:spruce_sapling"
                }
            ]
        }
    ]
}