{
    "type":"minecraft:pillager_outpost",
    "biomes": "#minecraft:is_badlands",
    "spawn_overrides":{
        "monster": {
            "bounding_box": "full",
            "spawns": [
                {
                    "type": "minecraft:pillager",
                    "weight": 1,
                    "minCount": 1,
                    "maxCount": 1
                }
            ]
        }
    },
    "config":{
        "start_pool": "imst:rail_station/start",
        "size": 5
    }
}