{
    "pools":[
        {
            "rolls":1,
            "entries":[
                {
                    "type":"minecraft:loot_table",
                    "name":"ctov:village/common/generic"
                }
            ]
        },
        {
            "rolls":2,
            "entries":[
                {
                    "type":"item",
                    "name":"minecraft:oak_log",
                    "functions": [
                        {
                            "function":"set_count",
                            "count": {
                                "min": 2,
                                "max": 5
                            }
                        }
                    ]
                },
                {
                    "type":"item",
                    "name":"minecraft:oak_sapling",
                    "functions": [
                        {
                            "function":"set_count",
                            "count": {
                                "min": 2,
                                "max": 5
                            }
                        }
                    ]
                }
            ]
        }
    ]
}