{
    "pools": [
        {
            "rolls":2,
            "entries": [
                {
                    "type":"minecraft:item",
                    "name": "book",
                    "functions": [
                        {
                            "function": "enchant_with_levels",
                            "levels": 5,
                            "treasure": true
                        }
                    ]
                },
                {
                    "type":"minecraft:item",
                    "name": "book",
                    "functions": [
                        {
                            "function": "enchant_with_levels",
                            "levels": 15,
                            "treasure": true
                        }
                    ]
                },
                {
                    "type":"minecraft:item",
                    "name": "book",
                    "functions": [
                        {
                            "function": "enchant_with_levels",
                            "levels": 25,
                            "treasure": true
                        }
                    ]
                },
                {
                    "type":"minecraft:item",
                    "name": "book",
                    "functions": [
                        {
                            "function": "enchant_with_levels",
                            "levels": 35,
                            "treasure": true
                        }
                    ]
                },
                {
                    "type":"minecraft:item",
                    "name": "book",
                    "functions": [
                        {
                            "function": "enchant_with_levels",
                            "levels": 45,
                            "treasure": true
                        }
                    ]
                },
                {
                    "type":"minecraft:item",
                    "name": "book",
                    "functions": [
                        {
                            "function": "enchant_with_levels",
                            "levels": 55,
                            "treasure": true
                        }
                    ]
                }
            ]
        },
        {
            "rolls":2,
            "entries": [
                {
                    "type":"minecraft:item",
                    "name": "book",
                    "functions": [
                        {
                            "function": "set_count",
                            "count":1
                        }
                    ]
                }
            ]
        },
        {
            "rolls":2,
            "entries": [
                {
                    "type":"minecraft:item",
                    "name": "writable_book",
                    "functions": [
                        {
                            "function": "set_count",
                            "count":1
                        }
                    ]
                }
            ]
        },
        {
            "rolls":2,
            "entries": [
                {
                    "type":"minecraft:item",
                    "name": "paper",
                    "functions": [
                        {
                            "function": "set_count",
                            "count":{
                                "max": 5,
                                "min": 2
                            }
                        }
                    ]
                }
            ]
        }
    ]
}