{
    "pools":[
        {
            "rolls":2,
            "entries":[
                {
                    "type":"minecraft:tag",
                    "name":"ctov:iron_tools",
                    "expand": true
                }
            ]
        },
        {
            "rolls":1,
            "entries":[
                {
                    "type":"minecraft:tag",
                    "name":"minecraft:arrows",
                    "expand": true,
                    "functions": [
                        {
                            "function":"set_count",
                            "count": {
                                "min": 2,
                                "max": 5
                            }
                        }
                    ]
                }
            ]
        },
        {
            "rolls":2,
            "entries":[
                {
                    "type":"minecraft:tag",
                    "name":"ctov:iron_armour",
                    "expand": true
                }
            ]
        },
        {
            "rolls":1,
            "entries":[
                {
                    "type":"minecraft:item",
                    "name":"minecraft:bow"
                },
                {
                    "type":"minecraft:item",
                    "name":"minecraft:crossbow"
                }
            ]
        },
        {
            "rolls":2,
            "entries":[
                {
                    "type":"minecraft:item",
                    "name":"minecraft:iron_ingot",
                    "functions": [
                        {
                            "function":"set_count",
                            "count": {
                                "min": 2,
                                "max": 5
                            }
                        }
                    ]
                },
                {
                    "type":"minecraft:item",
                    "name":"minecraft:diamond",
                    "functions": [
                        {
                            "function":"set_count",
                            "count": {
                                "min": 2,
                                "max": 5
                            }
                        }
                    ]
                }
            ]
        }
    ]
}