{
    "pools":[
        {
            "rolls":1,
            "entries":[
                {
                    "type":"minecraft:loot_table",
                    "name":"ctov:village/common/fishing_hut"
                }
            ]
        },
        {
            "rolls":1,
            "entries":[
                {
                    "type": "minecraft:loot_table",
                    "name": "ctov:village/mountain/generic"
                }
            ]
        }
    ]
}