{
	"pools": [
		{
			"rolls": 1,
			"entries": [
				{
					"type": "minecraft:item",
					"name": "minecraft:paper",
					"functions": [
						{
							"function": "minecraft:set_count",
							"count": {
								"min": 1,
								"max": 3
							}
						}
					]
				}
			]
		},
		{
			"rolls": 1,
			"entries": [
				{
					"type": "minecraft:item",
					"name": "minecraft:compass"
				},
				{
					"type": "minecraft:item",
					"name": "minecraft:clock"
				}
			]
		},
		{
			"rolls": 3,
			"entries": [
				{
					"type": "minecraft:item",
					"name": "minecraft:map"
				},
				{
					"type": "minecraft:item",
					"name": "minecraft:filled_map",
					"functions": [
						{
							"function": "minecraft:exploration_map",
							"destination": "minecraft:village",
							"decoration": "target_x",
							"skip_existing_chunks": true
						}
					]
				},
				{
					"type": "minecraft:item",
					"name": "minecraft:filled_map",
					"functions": [
						{
							"function": "minecraft:exploration_map",
							"destination": "minecraft:pillager_outpost",
							"decoration": "target_x",
							"skip_existing_chunks": true
						}
					]
				},
				{
					"type": "minecraft:item",
					"name": "minecraft:map",
					"functions": [
						{
							"function": "minecraft:exploration_map",
							"destination": "minecraft:desert_pyramid",
							"decoration": "target_x"
						}
					]
				},
				{
					"type": "minecraft:item",
					"name": "minecraft:map",
					"functions": [
						{
							"function": "minecraft:exploration_map",
							"destination": "minecraft:fortress",
							"decoration": "target_x"
						}
					]
				},
				{
					"type": "minecraft:item",
					"name": "minecraft:map",
					"functions": [
						{
							"function": "minecraft:exploration_map",
							"destination": "minecraft:mansion",
							"decoration": "mansion"
						}
					]
				},
				{
					"type": "minecraft:item",
					"name": "minecraft:map",
					"functions": [
						{
							"function": "minecraft:exploration_map",
							"destination": "minecraft:monument",
							"decoration": "monument"
						}
					]
				}
			]
		}
	]
}
