{
    "pools":[
        {
            "rolls":3,
            "entries":[
                {
                    "type":"minecraft:tag",
                    "name":"ctov:glazed_terracotta",
                    "expand": true
                }
            ]
        },
        {
            "rolls":3,
            "entries":[
                {
                    "type":"minecraft:tag",
                    "name":"ctov:terracotta",
                    "expand": true
                }
            ]
        },
        {
            "rolls":1,
            "entries":[
                {
                    "type":"minecraft:item",
                    "name":"bricks",
                    "functions": [
                        {
                            "function":"set_count",
                            "count": {
                                "min": 1,
                                "max": 3
                            }
                        }
                    ]
                }
            ]
        },
        {
            "rolls":1,
            "entries":[
                {
                    "type":"minecraft:item",
                    "name":"minecraft:clay",
                    "functions": [
                        {
                            "function":"set_count",
                            "count": {
                                "min": 1,
                                "max": 3
                            }
                        }
                    ]
                }
            ]
        }
    ]
}