{
    "pools": [
        {
            "rolls": 1,
            "entries":[
                {
                    "type": "minecraft:loot_table",
                    "name": "ctov:village/beach/generic"
                }
            ]
        },
        {
            "rolls": 1,
            "entries":[
                {
                    "type": "minecraft:loot_table",
                    "name": "ctov:village/common/loomhouse"
                }
            ]
        }
                
    ]
}