{
    "pools":[
        {
            "rolls":1,
            "entries":[
                {
                    "type":"minecraft:item",
                    "name":"minecraft:paper",
                    "functions": [
                        {
                            "function":"set_count",
                            "count": {
                                "min": 2,
                                "max": 5
                            }
                        }
                    ]
                }
            ]
        },
        {
            "rolls":1,
            "entries":[
                {
                    "type":"minecraft:item",
                    "name":"minecraft:compass"
                },
                {
                    "type":"minecraft:item",
                    "name":"minecraft:clock"
                }
            ]
        },
		{
			"rolls": 3,
			"entries": [
				{
					"type": "minecraft:item",
					"name": "minecraft:map"
				},
				{
					"type": "minecraft:item",
					"name": "minecraft:map",
					"functions": [
						{
							"function": "minecraft:exploration_map",
							"destination": [
								"minecraft:village_plains",
								"minecraft:village_desert",
								"minecraft:village_savanna",
								"minecraft:village_snowy",
								"minecraft:village_taiga",
								"ctov:village_dark_forest",
								"ctov:village_jungle",
								"ctov:village_mountain",
								"ctov:village_mushroom",
								"ctov:village_swamp",
								"ctov:village_mesa"
							],
							"decoration": "target_x",
							"skip_existing_chunks": true
						}
					]
				},
				{
					"type": "minecraft:item",
					"name": "minecraft:map",
					"functions": [
						{
							"function": "minecraft:exploration_map",
							"destination": [
								"ctov:pillager_outpost_dark_forest",
								"ctov:pillager_outpost_desert",
								"ctov:pillager_outpost_jungle",
								"ctov:pillager_outpost_mesa",
								"ctov:pillager_outpost_mountain",
								"ctov:pillager_outpost_plains",
								"ctov:pillager_outpost_savanna",
								"ctov:pillager_outpost_snowy",
								"ctov:pillager_outpost_swamp",
								"ctov:pillager_outpost_taiga"
							],
							"decoration": "target_x"
						}
					]
				},
				{
					"type": "minecraft:item",
					"name": "minecraft:map",
					"functions": [
			  			{
							"function": "minecraft:exploration_map",
							"destination": "minecraft:desert_pyramid",
							"decoration": "target_x"
			  			}
					]
				},
				{
					"type": "minecraft:item",
					"name": "minecraft:map",
					"functions": [
						{
							"function": "minecraft:exploration_map",
							"destination": "minecraft:fortress",
							"decoration": "target_x"
						}
					]
				},
				{
					"type": "minecraft:item",
					"name": "minecraft:map",
					"functions": [
						{
							"function": "minecraft:exploration_map",
							"destination": "minecraft:mansion",
							"decoration": "mansion"
						}
					]
				},
				{
					"type": "minecraft:item",
					"name": "minecraft:map",
					"functions": [
						{
							"function": "minecraft:exploration_map",
							"destination": "minecraft:monument",
							"decoration": "monument"
						}
					]
				}
			]
		}
	]
}