{
    "pools": [
        {
            "rolls": 1,
            "entries":[
                {
                    "type":"minecraft:item",
                    "name":"minecraft:beef"
                },
                {
                    "type": "minecraft:item",
                    "name": "minecraft:cooked_beef"
                }
            ]
        },
        {
            "rolls": 1,
            "entries":[
                {
                    "type":"minecraft:item",
                    "name":"minecraft:chicken"
                },
                {
                    "type": "minecraft:item",
                    "name": "minecraft:cooked_chicken"
                }
            ]
        },
        {
            "rolls": 1,
            "entries":[
                {
                    "type":"minecraft:item",
                    "name":"minecraft:porkchop"
                },
                {
                    "type": "minecraft:item",
                    "name": "minecraft:cooked_porkchop"
                }
            ]
        },
        {
            "rolls": 1,
            "entries":[
                {
                    "type":"minecraft:item",
                    "name":"minecraft:mutton"
                },
                {
                    "type": "minecraft:item",
                    "name": "minecraft:cooked_mutton"
                }
            ]
        },
        {
            "rolls": 1,
            "entries":[
                {
                    "type":"minecraft:item",
                    "name":"minecraft:rabbit"
                },
                {
                    "type": "minecraft:item",
                    "name": "minecraft:cooked_rabbit"
                }
            ]
        }
    ]
}