{
    "pools":[
        {
            "rolls":1,
            "entries":[
                {
                    "type":"minecraft:loot_table",
                    "name":"ctov:village/common/generic"
                }
            ]
        },
        {
            "rolls":3,
            "entries":[
                {
                    "type":"minecraft:item",
                    "name":"minecraft:dead_bush"
                },
                {
                    "type":"minecraft:item",
                    "name":"minecraft:cactus"
                },
                {
                    "type":"minecraft:item",
                    "name":"minecraft:red_sand"
                }
            ]
        }
    ]
}